sl. no.,item category,Andhra Pradesh,Arunachal Pradesh,Assam,Bihar,Chhattisgarh,Delhi,Goa,Gujarat,Haryana,Himachal Pradesh,Jharkhand,Karnataka,Kerala,Madhya Pradesh,Maharashtra,Manipur,Meghalaya,Mizoram,Nagaland,Odisha,Punjab,Rajasthan,Sikkim,Tamil Nadu,Telangana,Tripura,Uttar Pradesh,Uttarakhand,West Bengal,A & N Island,Chandigarh,Dadra & Nagar Haveli and Daman & Diu,Jammu & Kashmir,Ladakh,Lakshadweep,Puducherry,All-India
1.,cereal,3.53,3.42,4.06,6.12,4.23,2.55,3.34,3.61,2.89,3.32,5.92,3.30,2.52,3.93,3.56,5.61,3.36,1.74,3.58,4.66,2.90,3.81,2.48,3.21,3.83,3.31,3.75,3.61,5.10,3.47,1.66,5.41,4.36,3.10,3.43,3.73,3.62
2.,cereal substitutes,-,0.00,-,0.00,0.00,0.00,-,0.01,0.01,-,-,0.00,0.08,0.05,0.06,-,-,-,0.01,-,-,0.00,0.01,0.00,0.00,-,0.00,0.00,-,-,-,-,0.00,-,-,-,0.02
3.,gram,0.08,0.10,0.10,0.23,0.29,0.20,0.24,0.28,0.21,0.25,0.27,0.16,0.20,0.26,0.18,0.15,0.06,0.01,0.03,0.17,0.28,0.19,0.12,0.12,0.07,0.04,0.26,0.23,0.13,0.09,0.19,0.27,0.12,0.08,0.51,0.20,0.18
4.,pulses and pulse products*,1.34,0.82,1.21,1.56,2.15,0.99,1.03,1.24,0.86,1.36,1.50,1.18,1.10,1.40,1.37,0.65,0.68,0.52,0.61,1.72,1.10,0.70,0.79,1.14,0.99,0.80,1.38,1.61,1.18,1.25,0.83,1.71,1.23,0.80,1.46,1.45,1.21
5.,sugar,0.34,0.24,0.32,0.58,0.63,0.56,0.35,0.66,0.64,0.49,0.42,0.45,0.46,0.76,0.63,0.26,0.36,0.23,0.23,0.46,0.79,0.78,0.33,0.28,0.27,0.27,0.71,0.67,0.47,0.41,0.33,0.40,0.53,0.32,1.17,0.34,0.53
6.,salt,0.08,0.05,0.08,0.12,0.10,0.06,0.05,0.07,0.06,0.04,0.09,0.06,0.04,0.06,0.08,0.08,0.07,0.09,0.06,0.11,0.07,0.08,0.03,0.05,0.06,0.07,0.09,0.07,0.11,0.05,0.04,0.11,0.10,0.11,0.06,0.06,0.07
7.,milk and milk products,5.76,3.93,4.90,8.81,5.24,10.18,5.15,10.12,13.16,8.50,6.70,4.34,3.47,8.95,5.92,3.44,3.23,2.67,3.64,4.32,12.79,13.13,7.44,4.53,4.84,4.85,10.25,8.14,4.27,3.91,9.02,6.55,10.55,13.49,2.73,4.50,7.22
8.,vegetables,3.47,4.68,5.52,5.17,6.21,3.62,3.21,4.17,4.75,3.89,4.70,3.12,2.75,3.82,3.61,4.89,5.47,5.55,5.49,5.10,3.88,3.44,4.54,3.58,2.91,5.35,4.00,3.65,4.80,5.21,2.25,5.95,4.11,4.88,3.97,3.23,3.80
9.,fruits (fresh),2.87,2.70,2.96,2.65,2.53,2.11,4.00,2.30,2.34,2.34,2.42,2.67,3.47,2.27,2.41,2.76,2.67,2.58,2.81,2.56,2.26,2.35,2.09,2.75,2.15,3.41,2.24,1.88,2.56,2.78,2.72,2.05,2.18,3.42,4.86,3.10,2.50
10.,fruits (dry),1.50,1.27,1.51,1.49,1.38,1.69,0.83,1.27,0.95,1.40,1.22,1.27,0.85,1.43,1.71,0.76,0.61,0.89,0.59,0.80,1.03,1.35,1.69,1.06,1.25,1.26,1.59,1.50,0.78,0.74,0.78,0.59,1.41,1.56,2.01,1.35,1.31
11.,"egg, fish & meat",4.59,8.18,7.95,4.80,2.40,1.63,7.50,1.17,1.08,1.51,4.03,3.81,7.11,1.67,2.98,8.82,9.84,9.41,12.24,4.53,1.15,0.93,5.02,4.69,4.22,9.89,2.26,2.05,8.40,5.36,1.56,3.90,3.48,6.77,14.49,5.74,3.57
12.,edible oil,2.20,1.78,3.00,3.78,3.40,1.86,1.44,3.56,1.48,1.80,3.23,1.93,1.49,2.79,2.55,2.41,2.11,2.14,1.47,2.79,2.09,2.02,2.02,1.63,1.76,2.27,2.89,1.93,3.32,1.84,1.37,3.84,2.54,1.89,3.09,2.59,2.37
13.,spices,2.03,1.54,2.15,2.41,2.49,1.91,2.04,2.55,2.03,1.54,2.37,2.20,2.23,2.27,2.08,2.24,1.29,1.32,1.55,2.14,1.44,2.39,1.95,2.24,1.62,2.27,2.12,1.96,2.30,2.09,1.24,2.49,1.91,2.43,3.02,2.22,2.13
14.,"beverages, processed food#, etc.",10.82,15.34,12.95,9.65,8.24,11.18,17.87,10.98,9.34,11.54,8.82,12.00,10.24,9.00,10.20,10.39,11.51,14.07,10.49,10.64,9.80,8.45,18.19,12.86,11.46,9.16,9.05,9.66,11.11,12.29,11.89,10.90,9.01,15.83,11.38,8.87,10.64
15.,food: total (1-14),38.58,44.04,46.71,47.37,39.29,38.55,47.06,41.99,39.80,37.97,41.67,36.49,36.01,38.68,37.32,42.48,41.27,41.22,42.78,40.01,39.59,39.61,46.71,38.14,35.42,42.96,40.59,36.97,44.53,39.48,33.86,44.17,41.51,54.69,52.19,37.36,39.17
16.,"pan, tobacco & intoxicants",2.20,6.52,5.30,1.62,3.75,3.63,1.70,1.55,3.70,2.11,1.66,2.63,1.37,3.80,1.14,4.52,4.74,5.27,3.52,2.67,1.57,1.81,5.24,2.02,4.15,5.17,3.01,4.60,2.73,5.34,3.90,4.20,1.84,4.03,1.55,2.36,2.43
17.,fuel and light,5.30,3.56,6.04,6.82,7.45,6.05,4.90,6.77,6.32,5.23,6.89,4.64,6.00,6.24,6.76,6.37,6.11,5.77,5.39,6.89,8.21,7.40,3.35,4.91,3.89,6.15,7.90,6.00,7.89,4.71,4.17,6.08,6.79,5.58,6.79,5.88,6.26
18.,toilet articles,2.55,2.95,3.37,2.85,3.61,3.01,2.88,3.07,2.51,3.29,3.20,2.65,2.12,3.25,3.00,3.34,3.12,3.18,4.16,2.92,3.27,2.71,2.70,2.76,2.64,3.10,3.05,2.83,2.95,2.74,2.91,3.50,2.97,2.16,2.65,2.79,2.87
19.,other household consumables,2.33,1.84,1.86,2.13,2.29,1.89,2.52,2.18,2.03,1.66,2.05,2.20,1.54,2.42,2.01,1.64,2.21,1.71,2.19,2.07,1.97,2.06,2.45,2.45,1.91,2.17,2.25,1.78,1.99,1.64,2.20,2.32,2.03,1.78,2.03,2.43,2.11
20.,education,5.66,3.30,2.71,5.45,4.90,4.84,2.35,5.31,6.22,7.93,6.30,7.63,4.08,6.59,6.29,6.45,6.07,2.52,4.74,4.33,5.70,6.87,2.64,5.28,6.18,5.12,6.02,6.13,4.89,3.62,5.71,2.01,6.08,3.45,0.61,6.32,5.78
21.,medical (hospitalization),2.15,0.51,1.21,1.64,1.31,0.69,1.84,2.35,0.95,1.74,2.68,1.74,3.41,1.31,2.77,0.90,0.51,0.54,0.47,1.19,2.76,1.16,0.18,2.10,1.22,1.71,1.71,2.30,1.57,1.23,0.13,0.82,1.27,0.73,3.89,1.03,1.91
22.,medical (non- hospitalization),5.22,2.28,2.72,4.17,4.44,2.84,3.43,2.95,3.03,3.26,3.54,2.98,5.80,4.25,3.92,2.65,1.82,2.12,1.93,4.27,4.75,3.37,1.68,3.87,2.72,6.24,4.66,3.76,6.74,2.02,3.33,1.85,4.22,1.62,3.03,3.33,4.00
23.,conveyance,8.37,8.07,7.69,5.82,9.73,8.12,10.58,9.13,8.01,7.29,8.11,8.66,10.61,9.16,8.48,12.08,7.70,6.01,6.89,8.42,9.11,9.44,5.07,9.99,9.11,6.36,7.73,8.94,5.22,8.69,9.11,5.47,8.90,7.02,7.05,11.58,8.59
24.,consumer services excluding conveyance&,5.55,4.42,5.09,5.14,5.51,6.36,4.37,5.66,5.64,6.01,5.32,6.27,6.68,5.44,6.52,5.58,5.84,5.63,4.80,4.67,5.82,5.84,5.19,5.18,6.39,3.99,5.79,6.12,6.13,4.50,10.26,4.70,6.30,5.37,3.80,6.13,5.92
25.,entertainment,1.73,1.36,1.76,1.23,1.55,1.80,1.36,1.79,1.37,0.96,1.35,1.76,1.66,1.49,1.48,1.55,1.60,1.54,1.51,1.41,1.10,1.02,1.84,1.74,2.03,1.56,1.47,1.82,1.58,1.26,1.66,0.91,1.10,0.88,0.86,1.47,1.58
26.,rent,8.23,7.89,4.16,3.58,3.22,6.47,5.35,4.22,7.09,9.01,4.52,11.37,3.90,4.00,8.33,0.80,7.46,6.65,5.79,6.81,2.77,4.35,10.63,10.14,10.77,2.73,3.25,4.07,2.29,9.17,8.10,12.49,2.79,2.94,3.13,7.43,6.56
27.,other taxes & cesses,0.33,0.30,0.29,0.11,0.52,0.00,0.10,0.45,0.01,0.03,0.15,0.38,0.26,0.19,0.51,0.27,0.23,0.32,0.08,0.18,0.02,0.01,0.17,0.14,0.24,0.12,0.16,0.02,0.16,0.32,0.00,0.15,0.01,-,0.07,0.28,0.24
28.,clothing & bedding$,4.48,4.60,4.61,4.87,5.18,4.63,3.69,4.75,4.93,5.95,5.02,3.71,3.95,4.83,4.50,4.54,5.27,4.18,7.23,5.50,5.59,5.33,5.28,3.87,4.95,5.57,4.91,5.29,5.19,4.45,6.68,5.88,6.12,3.95,4.20,3.97,4.64
29.,footwear,0.61,0.88,0.71,0.74,0.78,0.79,0.59,0.78,1.00,1.44,0.84,0.67,0.63,0.92,0.80,1.01,1.36,1.61,1.99,0.74,1.08,0.92,1.65,0.52,0.61,1.06,0.91,1.09,0.70,0.65,1.20,0.78,1.12,1.11,0.73,0.63,0.77
30.,durable goods,6.71,7.47,5.75,6.46,6.48,10.35,7.27,7.04,7.38,6.13,6.70,6.23,11.97,7.44,6.17,5.83,4.70,11.73,6.55,7.92,6.68,8.10,5.22,6.90,7.76,5.99,6.58,8.28,5.43,10.20,6.77,4.67,6.96,4.69,7.42,6.99,7.17
31.,non-food: total (16-30),61.42,55.96,53.29,52.63,60.71,61.45,52.94,58.01,60.20,62.03,58.33,63.51,63.99,61.32,62.68,57.52,58.73,58.78,57.22,59.99,60.41,60.39,53.29,61.86,64.58,57.04,59.41,63.03,55.47,60.52,66.14,55.83,58.49,45.31,47.81,62.64,60.83
32.,total expenditure (15+31),100.00,100.00,100.00,100.00,100.00,100.00,100.00,100.00,100.00,100.00,100.00,100.00,100.00,100.00,100.00,100.00,100.00,100.00,100.00,100.00,100.00,100.00,100.00,100.00,100.00,100.00,100.00,100.00,100.00,100.00,100.00,100.00,100.00,100.00,100.00,100.00,100.00
